name,CYS,PRO,ALA,GLY,SER,THR,GLN,GLU,ASN,ASP,HIS,LYS,ARG,VAL,LEU,ILE,MET,PHE,TYE,TRP
CYS,     ,1.33,1.39,2.22,1.84,1.45,2.48,3.26,2.83,3.48,2.56,3.27,3.06,0.86,1.65,1.63,1.46,2.24,2.38,3.34
PRO,,,0.06,0.97,0.56,0.87,1.92,2.48,1.8,2.4,2.15,2.94,2.9,1.79,2.7,2.62,2.36,3.17,3.12,4.17
ALA,,,,0.91,0.51,0.9,1.92,2.46,1.78,2.37,2.17,2.96,2.92,1.85,2.76,2.69,2.42,3.23,3.18,4.23
GLY,,,,,0.85,1.7,2.48,2.78,1.96,2.37,2.78,3.54,3.58,2.76,3.67,3.6,3.34,4.14,4.08,5.13
SER,,,,,,0.89,1.65,2.06,1.31,1.87,1.94,2.71,2.74,2.15,3.04,2.95,2.67,3.45,3.33,4.38
THR,,,,,,,1.12,1.83,1.4,2.05,1.32,2.1,2.03,1.4,2.25,2.14,1.86,2.6,2.45,3.5
GLN,,,,,,,,0.84,0.99,1.47,0.32,1.06,1.13,2.13,2.7,2.57,2.3,2.81,2.48,3.42
GLU,,,,,,,,,0.85,0.9,0.96,1.14,1.45,2.97,3.53,3.39,3.13,3.59,3.22,4.08
ASN,,,,,,,,,,0.65,1.29,1.84,2.04,2.76,3.49,3.37,3.08,3.7,3.42,4.39
ASP,,,,,,,,,,,1.72,2.05,2.34,3.4,4.1,3.98,3.69,4.27,3.95,4.88
HIS,,,,,,,,,,,,0.79,0.82,2.11,2.59,2.45,2.19,2.63,2.27,3.16
LYS,,,,,,,,,,,,,0.4,2.7,2.98,2.84,2.63,2.85,2.42,3.11
ARG,,,,,,,,,,,,,,2.43,2.62,2.49,2.29,2.47,2.02,2.72
VAL,,,,,,,,,,,,,,,0.91,0.85,0.62,1.43,1.52,2.51
LEU,,,,,,,,,,,,,,,,0.14,0.41,0.63,0.94,1.73
ILE,,,,,,,,,,,,,,,,,0.29,0.61,0.86,1.72
MET,,,,,,,,,,,,,,,,,,0.82,0.93,1.89
PHE,,,,,,,,,,,,,,,,,,,0.48,1.11
TYE,,,,,,,,,,,,,,,,,,,,1.06
TRP,,,,,,,,,,,,,,,,,,,,
